query_path,query_pid,query_cam,rank,gallery_path,gallery_pid,gallery_cam,distance,correct_match
D:\DAI_HOC\NAM_3\SEM 2\TGMT\PROJECT\Requirement 2 & 3\Colab\data\market1501\bounding_box_test\0951_c1s4_059311_03.jpg,951,1,1,D:\DAI_HOC\NAM_3\SEM 2\TGMT\PROJECT\Requirement 2 & 3\Colab\data\market1501\bounding_box_test\0951_c5s2_120299_09.jpg,951,5,0.626754,True
D:\DAI_HOC\NAM_3\SEM 2\TGMT\PROJECT\Requirement 2 & 3\Colab\data\market1501\bounding_box_test\0951_c1s4_059311_03.jpg,951,1,2,D:\DAI_HOC\NAM_3\SEM 2\TGMT\PROJECT\Requirement 2 & 3\Colab\data\market1501\bounding_box_test\0951_c5s2_120399_02.jpg,951,5,0.629739,True
D:\DAI_HOC\NAM_3\SEM 2\TGMT\PROJECT\Requirement 2 & 3\Colab\data\market1501\bounding_box_test\0951_c1s4_059311_03.jpg,951,1,3,D:\DAI_HOC\NAM_3\SEM 2\TGMT\PROJECT\Requirement 2 & 3\Colab\data\market1501\bounding_box_test\0951_c5s2_120399_08.jpg,951,5,0.664438,True
D:\DAI_HOC\NAM_3\SEM 2\TGMT\PROJECT\Requirement 2 & 3\Colab\data\market1501\bounding_box_test\0951_c1s4_059311_03.jpg,951,1,4,D:\DAI_HOC\NAM_3\SEM 2\TGMT\PROJECT\Requirement 2 & 3\Colab\data\market1501\bounding_box_test\0951_c3s2_119569_09.jpg,951,3,0.734953,True
D:\DAI_HOC\NAM_3\SEM 2\TGMT\PROJECT\Requirement 2 & 3\Colab\data\market1501\bounding_box_test\0951_c1s4_059311_03.jpg,951,1,5,D:\DAI_HOC\NAM_3\SEM 2\TGMT\PROJECT\Requirement 2 & 3\Colab\data\market1501\bounding_box_test\0951_c6s2_113793_02.jpg,951,6,0.745259,True
D:\DAI_HOC\NAM_3\SEM 2\TGMT\PROJECT\Requirement 2 & 3\Colab\data\market1501\bounding_box_test\0951_c1s4_059311_03.jpg,951,1,6,D:\DAI_HOC\NAM_3\SEM 2\TGMT\PROJECT\Requirement 2 & 3\Colab\data\market1501\bounding_box_test\0951_c3s2_119444_07.jpg,951,3,0.767362,True
D:\DAI_HOC\NAM_3\SEM 2\TGMT\PROJECT\Requirement 2 & 3\Colab\data\market1501\bounding_box_test\0951_c1s4_059311_03.jpg,951,1,7,D:\DAI_HOC\NAM_3\SEM 2\TGMT\PROJECT\Requirement 2 & 3\Colab\data\market1501\bounding_box_test\0951_c6s2_113668_01.jpg,951,6,0.790052,True
D:\DAI_HOC\NAM_3\SEM 2\TGMT\PROJECT\Requirement 2 & 3\Colab\data\market1501\bounding_box_test\0951_c1s4_059311_03.jpg,951,1,8,D:\DAI_HOC\NAM_3\SEM 2\TGMT\PROJECT\Requirement 2 & 3\Colab\data\market1501\bounding_box_test\0951_c3s2_119419_02.jpg,951,3,0.831499,True
D:\DAI_HOC\NAM_3\SEM 2\TGMT\PROJECT\Requirement 2 & 3\Colab\data\market1501\bounding_box_test\0951_c1s4_059311_03.jpg,951,1,9,D:\DAI_HOC\NAM_3\SEM 2\TGMT\PROJECT\Requirement 2 & 3\Colab\data\market1501\bounding_box_test\1282_c5s3_029365_02.jpg,1282,5,1.015949,False
D:\DAI_HOC\NAM_3\SEM 2\TGMT\PROJECT\Requirement 2 & 3\Colab\data\market1501\bounding_box_test\0951_c1s4_059311_03.jpg,951,1,10,D:\DAI_HOC\NAM_3\SEM 2\TGMT\PROJECT\Requirement 2 & 3\Colab\data\market1501\bounding_box_test\0418_c2s1_105321_02.jpg,418,2,1.018258,False
D:\DAI_HOC\NAM_3\SEM 2\TGMT\PROJECT\Requirement 2 & 3\Colab\data\market1501\bounding_box_test\0951_c1s4_059311_03.jpg,951,1,11,D:\DAI_HOC\NAM_3\SEM 2\TGMT\PROJECT\Requirement 2 & 3\Colab\data\market1501\bounding_box_test\0373_c2s1_114541_01.jpg,373,2,1.040156,False
D:\DAI_HOC\NAM_3\SEM 2\TGMT\PROJECT\Requirement 2 & 3\Colab\data\market1501\bounding_box_test\0951_c1s4_059311_03.jpg,951,1,12,D:\DAI_HOC\NAM_3\SEM 2\TGMT\PROJECT\Requirement 2 & 3\Colab\data\market1501\bounding_box_test\1382_c5s3_054190_06.jpg,1382,5,1.056167,False
D:\DAI_HOC\NAM_3\SEM 2\TGMT\PROJECT\Requirement 2 & 3\Colab\data\market1501\bounding_box_test\0951_c1s4_059311_03.jpg,951,1,13,D:\DAI_HOC\NAM_3\SEM 2\TGMT\PROJECT\Requirement 2 & 3\Colab\data\market1501\bounding_box_test\0161_c3s3_032928_03.jpg,161,3,1.058125,False
D:\DAI_HOC\NAM_3\SEM 2\TGMT\PROJECT\Requirement 2 & 3\Colab\data\market1501\bounding_box_test\0951_c1s4_059311_03.jpg,951,1,14,D:\DAI_HOC\NAM_3\SEM 2\TGMT\PROJECT\Requirement 2 & 3\Colab\data\market1501\bounding_box_test\0460_c5s1_117645_01.jpg,460,5,1.059618,False
D:\DAI_HOC\NAM_3\SEM 2\TGMT\PROJECT\Requirement 2 & 3\Colab\data\market1501\bounding_box_test\0951_c1s4_059311_03.jpg,951,1,15,D:\DAI_HOC\NAM_3\SEM 2\TGMT\PROJECT\Requirement 2 & 3\Colab\data\market1501\bounding_box_test\1274_c6s3_056492_02.jpg,1274,6,1.068692,False
D:\DAI_HOC\NAM_3\SEM 2\TGMT\PROJECT\Requirement 2 & 3\Colab\data\market1501\bounding_box_test\0951_c1s4_059311_03.jpg,951,1,16,D:\DAI_HOC\NAM_3\SEM 2\TGMT\PROJECT\Requirement 2 & 3\Colab\data\market1501\bounding_box_test\0365_c2s1_085121_01.jpg,365,2,1.069952,False
D:\DAI_HOC\NAM_3\SEM 2\TGMT\PROJECT\Requirement 2 & 3\Colab\data\market1501\bounding_box_test\0951_c1s4_059311_03.jpg,951,1,17,D:\DAI_HOC\NAM_3\SEM 2\TGMT\PROJECT\Requirement 2 & 3\Colab\data\market1501\bounding_box_test\0501_c3s2_007512_03.jpg,501,3,1.079323,False
D:\DAI_HOC\NAM_3\SEM 2\TGMT\PROJECT\Requirement 2 & 3\Colab\data\market1501\bounding_box_test\0951_c1s4_059311_03.jpg,951,1,18,D:\DAI_HOC\NAM_3\SEM 2\TGMT\PROJECT\Requirement 2 & 3\Colab\data\market1501\bounding_box_test\0231_c3s1_052826_02.jpg,231,3,1.086461,False
D:\DAI_HOC\NAM_3\SEM 2\TGMT\PROJECT\Requirement 2 & 3\Colab\data\market1501\bounding_box_test\0951_c1s4_059311_03.jpg,951,1,19,D:\DAI_HOC\NAM_3\SEM 2\TGMT\PROJECT\Requirement 2 & 3\Colab\data\market1501\bounding_box_test\0426_c4s2_030642_01.jpg,426,4,1.091623,False
D:\DAI_HOC\NAM_3\SEM 2\TGMT\PROJECT\Requirement 2 & 3\Colab\data\market1501\bounding_box_test\0951_c1s4_059311_03.jpg,951,1,20,D:\DAI_HOC\NAM_3\SEM 2\TGMT\PROJECT\Requirement 2 & 3\Colab\data\market1501\bounding_box_test\0262_c5s3_057615_02.jpg,262,5,1.091788,False
D:\DAI_HOC\NAM_3\SEM 2\TGMT\PROJECT\Requirement 2 & 3\Colab\data\market1501\bounding_box_test\0951_c1s4_059311_03.jpg,951,1,21,D:\DAI_HOC\NAM_3\SEM 2\TGMT\PROJECT\Requirement 2 & 3\Colab\data\market1501\bounding_box_test\0267_c1s1_056806_01.jpg,267,1,1.093556,False
D:\DAI_HOC\NAM_3\SEM 2\TGMT\PROJECT\Requirement 2 & 3\Colab\data\market1501\bounding_box_test\0951_c1s4_059311_03.jpg,951,1,22,D:\DAI_HOC\NAM_3\SEM 2\TGMT\PROJECT\Requirement 2 & 3\Colab\data\market1501\bounding_box_test\1029_c1s4_073361_02.jpg,1029,1,1.101503,False
D:\DAI_HOC\NAM_3\SEM 2\TGMT\PROJECT\Requirement 2 & 3\Colab\data\market1501\bounding_box_test\0951_c1s4_059311_03.jpg,951,1,23,D:\DAI_HOC\NAM_3\SEM 2\TGMT\PROJECT\Requirement 2 & 3\Colab\data\market1501\bounding_box_test\0928_c3s2_115844_03.jpg,928,3,1.101881,False
D:\DAI_HOC\NAM_3\SEM 2\TGMT\PROJECT\Requirement 2 & 3\Colab\data\market1501\bounding_box_test\0951_c1s4_059311_03.jpg,951,1,24,D:\DAI_HOC\NAM_3\SEM 2\TGMT\PROJECT\Requirement 2 & 3\Colab\data\market1501\bounding_box_test\1058_c6s3_002667_02.jpg,1058,6,1.102267,False
D:\DAI_HOC\NAM_3\SEM 2\TGMT\PROJECT\Requirement 2 & 3\Colab\data\market1501\bounding_box_test\0951_c1s4_059311_03.jpg,951,1,25,D:\DAI_HOC\NAM_3\SEM 2\TGMT\PROJECT\Requirement 2 & 3\Colab\data\market1501\bounding_box_test\1171_c2s3_025457_05.jpg,1171,2,1.103726,False
D:\DAI_HOC\NAM_3\SEM 2\TGMT\PROJECT\Requirement 2 & 3\Colab\data\market1501\bounding_box_test\0951_c1s4_059311_03.jpg,951,1,26,D:\DAI_HOC\NAM_3\SEM 2\TGMT\PROJECT\Requirement 2 & 3\Colab\data\market1501\bounding_box_test\0836_c2s2_103932_02.jpg,836,2,1.105618,False
D:\DAI_HOC\NAM_3\SEM 2\TGMT\PROJECT\Requirement 2 & 3\Colab\data\market1501\bounding_box_test\0951_c1s4_059311_03.jpg,951,1,27,D:\DAI_HOC\NAM_3\SEM 2\TGMT\PROJECT\Requirement 2 & 3\Colab\data\market1501\bounding_box_test\1272_c1s5_051616_03.jpg,1272,1,1.116091,False
D:\DAI_HOC\NAM_3\SEM 2\TGMT\PROJECT\Requirement 2 & 3\Colab\data\market1501\bounding_box_test\0951_c1s4_059311_03.jpg,951,1,28,D:\DAI_HOC\NAM_3\SEM 2\TGMT\PROJECT\Requirement 2 & 3\Colab\data\market1501\bounding_box_test\0881_c4s4_060316_04.jpg,881,4,1.116821,False
D:\DAI_HOC\NAM_3\SEM 2\TGMT\PROJECT\Requirement 2 & 3\Colab\data\market1501\bounding_box_test\0951_c1s4_059311_03.jpg,951,1,29,D:\DAI_HOC\NAM_3\SEM 2\TGMT\PROJECT\Requirement 2 & 3\Colab\data\market1501\bounding_box_test\0829_c4s4_043560_04.jpg,829,4,1.117001,False
D:\DAI_HOC\NAM_3\SEM 2\TGMT\PROJECT\Requirement 2 & 3\Colab\data\market1501\bounding_box_test\0951_c1s4_059311_03.jpg,951,1,30,D:\DAI_HOC\NAM_3\SEM 2\TGMT\PROJECT\Requirement 2 & 3\Colab\data\market1501\bounding_box_test\0607_c5s2_055830_04.jpg,607,5,1.119385,False
D:\DAI_HOC\NAM_3\SEM 2\TGMT\PROJECT\Requirement 2 & 3\Colab\data\market1501\bounding_box_test\0951_c1s4_059311_03.jpg,951,1,31,D:\DAI_HOC\NAM_3\SEM 2\TGMT\PROJECT\Requirement 2 & 3\Colab\data\market1501\bounding_box_test\1199_c3s3_022203_06.jpg,1199,3,1.121302,False
D:\DAI_HOC\NAM_3\SEM 2\TGMT\PROJECT\Requirement 2 & 3\Colab\data\market1501\bounding_box_test\0951_c1s4_059311_03.jpg,951,1,32,D:\DAI_HOC\NAM_3\SEM 2\TGMT\PROJECT\Requirement 2 & 3\Colab\data\market1501\bounding_box_test\1214_c6s3_037317_03.jpg,1214,6,1.122644,False
D:\DAI_HOC\NAM_3\SEM 2\TGMT\PROJECT\Requirement 2 & 3\Colab\data\market1501\bounding_box_test\0951_c1s4_059311_03.jpg,951,1,33,D:\DAI_HOC\NAM_3\SEM 2\TGMT\PROJECT\Requirement 2 & 3\Colab\data\market1501\bounding_box_test\1264_c3s3_032478_04.jpg,1264,3,1.128683,False
D:\DAI_HOC\NAM_3\SEM 2\TGMT\PROJECT\Requirement 2 & 3\Colab\data\market1501\bounding_box_test\0951_c1s4_059311_03.jpg,951,1,34,D:\DAI_HOC\NAM_3\SEM 2\TGMT\PROJECT\Requirement 2 & 3\Colab\data\market1501\bounding_box_test\1277_c5s3_026740_04.jpg,1277,5,1.130399,False
D:\DAI_HOC\NAM_3\SEM 2\TGMT\PROJECT\Requirement 2 & 3\Colab\data\market1501\bounding_box_test\0951_c1s4_059311_03.jpg,951,1,35,D:\DAI_HOC\NAM_3\SEM 2\TGMT\PROJECT\Requirement 2 & 3\Colab\data\market1501\bounding_box_test\1085_c5s2_146224_02.jpg,1085,5,1.131200,False
D:\DAI_HOC\NAM_3\SEM 2\TGMT\PROJECT\Requirement 2 & 3\Colab\data\market1501\bounding_box_test\0951_c1s4_059311_03.jpg,951,1,36,D:\DAI_HOC\NAM_3\SEM 2\TGMT\PROJECT\Requirement 2 & 3\Colab\data\market1501\bounding_box_test\0286_c2s1_067221_02.jpg,286,2,1.135890,False
D:\DAI_HOC\NAM_3\SEM 2\TGMT\PROJECT\Requirement 2 & 3\Colab\data\market1501\bounding_box_test\0951_c1s4_059311_03.jpg,951,1,37,D:\DAI_HOC\NAM_3\SEM 2\TGMT\PROJECT\Requirement 2 & 3\Colab\data\market1501\bounding_box_test\0016_c6s1_011451_02.jpg,16,6,1.137469,False
D:\DAI_HOC\NAM_3\SEM 2\TGMT\PROJECT\Requirement 2 & 3\Colab\data\market1501\bounding_box_test\0951_c1s4_059311_03.jpg,951,1,38,D:\DAI_HOC\NAM_3\SEM 2\TGMT\PROJECT\Requirement 2 & 3\Colab\data\market1501\bounding_box_test\0231_c4s1_053426_01.jpg,231,4,1.137861,False
D:\DAI_HOC\NAM_3\SEM 2\TGMT\PROJECT\Requirement 2 & 3\Colab\data\market1501\bounding_box_test\0951_c1s4_059311_03.jpg,951,1,39,D:\DAI_HOC\NAM_3\SEM 2\TGMT\PROJECT\Requirement 2 & 3\Colab\data\market1501\bounding_box_test\0721_c6s2_064418_01.jpg,721,6,1.138377,False
D:\DAI_HOC\NAM_3\SEM 2\TGMT\PROJECT\Requirement 2 & 3\Colab\data\market1501\bounding_box_test\0951_c1s4_059311_03.jpg,951,1,40,D:\DAI_HOC\NAM_3\SEM 2\TGMT\PROJECT\Requirement 2 & 3\Colab\data\market1501\bounding_box_test\0319_c5s1_072173_01.jpg,319,5,1.138859,False
D:\DAI_HOC\NAM_3\SEM 2\TGMT\PROJECT\Requirement 2 & 3\Colab\data\market1501\bounding_box_test\0951_c1s4_059311_03.jpg,951,1,41,D:\DAI_HOC\NAM_3\SEM 2\TGMT\PROJECT\Requirement 2 & 3\Colab\data\market1501\bounding_box_test\0935_c5s2_117899_05.jpg,935,5,1.139698,False
D:\DAI_HOC\NAM_3\SEM 2\TGMT\PROJECT\Requirement 2 & 3\Colab\data\market1501\bounding_box_test\0951_c1s4_059311_03.jpg,951,1,42,D:\DAI_HOC\NAM_3\SEM 2\TGMT\PROJECT\Requirement 2 & 3\Colab\data\market1501\bounding_box_test\0935_c3s2_117219_01.jpg,935,3,1.141588,False
D:\DAI_HOC\NAM_3\SEM 2\TGMT\PROJECT\Requirement 2 & 3\Colab\data\market1501\bounding_box_test\0951_c1s4_059311_03.jpg,951,1,43,D:\DAI_HOC\NAM_3\SEM 2\TGMT\PROJECT\Requirement 2 & 3\Colab\data\market1501\bounding_box_test\1377_c2s3_038032_03.jpg,1377,2,1.141786,False
D:\DAI_HOC\NAM_3\SEM 2\TGMT\PROJECT\Requirement 2 & 3\Colab\data\market1501\bounding_box_test\0951_c1s4_059311_03.jpg,951,1,44,D:\DAI_HOC\NAM_3\SEM 2\TGMT\PROJECT\Requirement 2 & 3\Colab\data\market1501\bounding_box_test\1418_c1s6_001616_03.jpg,1418,1,1.143122,False
D:\DAI_HOC\NAM_3\SEM 2\TGMT\PROJECT\Requirement 2 & 3\Colab\data\market1501\bounding_box_test\0951_c1s4_059311_03.jpg,951,1,45,D:\DAI_HOC\NAM_3\SEM 2\TGMT\PROJECT\Requirement 2 & 3\Colab\data\market1501\bounding_box_test\1319_c5s3_046715_01.jpg,1319,5,1.146686,False
D:\DAI_HOC\NAM_3\SEM 2\TGMT\PROJECT\Requirement 2 & 3\Colab\data\market1501\bounding_box_test\0951_c1s4_059311_03.jpg,951,1,46,D:\DAI_HOC\NAM_3\SEM 2\TGMT\PROJECT\Requirement 2 & 3\Colab\data\market1501\bounding_box_test\1021_c1s4_071336_03.jpg,1021,1,1.147549,False
D:\DAI_HOC\NAM_3\SEM 2\TGMT\PROJECT\Requirement 2 & 3\Colab\data\market1501\bounding_box_test\0951_c1s4_059311_03.jpg,951,1,47,D:\DAI_HOC\NAM_3\SEM 2\TGMT\PROJECT\Requirement 2 & 3\Colab\data\market1501\bounding_box_test\0691_c6s2_058418_01.jpg,691,6,1.149940,False
D:\DAI_HOC\NAM_3\SEM 2\TGMT\PROJECT\Requirement 2 & 3\Colab\data\market1501\bounding_box_test\0951_c1s4_059311_03.jpg,951,1,48,D:\DAI_HOC\NAM_3\SEM 2\TGMT\PROJECT\Requirement 2 & 3\Colab\data\market1501\bounding_box_test\1435_c5s3_056090_03.jpg,1435,5,1.150865,False
D:\DAI_HOC\NAM_3\SEM 2\TGMT\PROJECT\Requirement 2 & 3\Colab\data\market1501\bounding_box_test\0951_c1s4_059311_03.jpg,951,1,49,D:\DAI_HOC\NAM_3\SEM 2\TGMT\PROJECT\Requirement 2 & 3\Colab\data\market1501\bounding_box_test\0607_c3s2_055112_02.jpg,607,3,1.151423,False
D:\DAI_HOC\NAM_3\SEM 2\TGMT\PROJECT\Requirement 2 & 3\Colab\data\market1501\bounding_box_test\0951_c1s4_059311_03.jpg,951,1,50,D:\DAI_HOC\NAM_3\SEM 2\TGMT\PROJECT\Requirement 2 & 3\Colab\data\market1501\bounding_box_test\0092_c2s1_014526_02.jpg,92,2,1.153587,False
D:\DAI_HOC\NAM_3\SEM 2\TGMT\PROJECT\Requirement 2 & 3\Colab\data\market1501\bounding_box_test\0951_c1s4_059311_03.jpg,951,1,51,D:\DAI_HOC\NAM_3\SEM 2\TGMT\PROJECT\Requirement 2 & 3\Colab\data\market1501\bounding_box_test\0911_c2s2_109882_04.jpg,911,2,1.158979,False
D:\DAI_HOC\NAM_3\SEM 2\TGMT\PROJECT\Requirement 2 & 3\Colab\data\market1501\bounding_box_test\0951_c1s4_059311_03.jpg,951,1,52,D:\DAI_HOC\NAM_3\SEM 2\TGMT\PROJECT\Requirement 2 & 3\Colab\data\market1501\bounding_box_test\0672_c1s4_002481_05.jpg,672,1,1.163514,False
D:\DAI_HOC\NAM_3\SEM 2\TGMT\PROJECT\Requirement 2 & 3\Colab\data\market1501\bounding_box_test\0951_c1s4_059311_03.jpg,951,1,53,D:\DAI_HOC\NAM_3\SEM 2\TGMT\PROJECT\Requirement 2 & 3\Colab\data\market1501\bounding_box_test\0004_c6s4_001952_02.jpg,4,6,1.164062,False
D:\DAI_HOC\NAM_3\SEM 2\TGMT\PROJECT\Requirement 2 & 3\Colab\data\market1501\bounding_box_test\0951_c1s4_059311_03.jpg,951,1,54,D:\DAI_HOC\NAM_3\SEM 2\TGMT\PROJECT\Requirement 2 & 3\Colab\data\market1501\bounding_box_test\0801_c3s2_103103_02.jpg,801,3,1.164583,False
D:\DAI_HOC\NAM_3\SEM 2\TGMT\PROJECT\Requirement 2 & 3\Colab\data\market1501\bounding_box_test\0951_c1s4_059311_03.jpg,951,1,55,D:\DAI_HOC\NAM_3\SEM 2\TGMT\PROJECT\Requirement 2 & 3\Colab\data\market1501\bounding_box_test\1170_c6s3_027567_05.jpg,1170,6,1.167816,False
D:\DAI_HOC\NAM_3\SEM 2\TGMT\PROJECT\Requirement 2 & 3\Colab\data\market1501\bounding_box_test\0951_c1s4_059311_03.jpg,951,1,56,D:\DAI_HOC\NAM_3\SEM 2\TGMT\PROJECT\Requirement 2 & 3\Colab\data\market1501\bounding_box_test\1310_c6s3_067892_02.jpg,1310,6,1.168828,False
D:\DAI_HOC\NAM_3\SEM 2\TGMT\PROJECT\Requirement 2 & 3\Colab\data\market1501\bounding_box_test\0951_c1s4_059311_03.jpg,951,1,57,D:\DAI_HOC\NAM_3\SEM 2\TGMT\PROJECT\Requirement 2 & 3\Colab\data\market1501\bounding_box_test\0447_c4s2_038723_02.jpg,447,4,1.170879,False
D:\DAI_HOC\NAM_3\SEM 2\TGMT\PROJECT\Requirement 2 & 3\Colab\data\market1501\bounding_box_test\0951_c1s4_059311_03.jpg,951,1,58,D:\DAI_HOC\NAM_3\SEM 2\TGMT\PROJECT\Requirement 2 & 3\Colab\data\market1501\bounding_box_test\0284_c1s1_068506_05.jpg,284,1,1.175230,False
D:\DAI_HOC\NAM_3\SEM 2\TGMT\PROJECT\Requirement 2 & 3\Colab\data\market1501\bounding_box_test\0951_c1s4_059311_03.jpg,951,1,59,D:\DAI_HOC\NAM_3\SEM 2\TGMT\PROJECT\Requirement 2 & 3\Colab\data\market1501\bounding_box_test\1264_c5s3_033040_08.jpg,1264,5,1.175323,False
D:\DAI_HOC\NAM_3\SEM 2\TGMT\PROJECT\Requirement 2 & 3\Colab\data\market1501\bounding_box_test\0951_c1s4_059311_03.jpg,951,1,60,D:\DAI_HOC\NAM_3\SEM 2\TGMT\PROJECT\Requirement 2 & 3\Colab\data\market1501\bounding_box_test\1497_c6s3_090817_06.jpg,1497,6,1.179316,False
D:\DAI_HOC\NAM_3\SEM 2\TGMT\PROJECT\Requirement 2 & 3\Colab\data\market1501\bounding_box_test\0951_c1s4_059311_03.jpg,951,1,61,D:\DAI_HOC\NAM_3\SEM 2\TGMT\PROJECT\Requirement 2 & 3\Colab\data\market1501\bounding_box_test\0265_c6s1_056401_03.jpg,265,6,1.179949,False
D:\DAI_HOC\NAM_3\SEM 2\TGMT\PROJECT\Requirement 2 & 3\Colab\data\market1501\bounding_box_test\0951_c1s4_059311_03.jpg,951,1,62,D:\DAI_HOC\NAM_3\SEM 2\TGMT\PROJECT\Requirement 2 & 3\Colab\data\market1501\bounding_box_test\1268_c2s3_018782_02.jpg,1268,2,1.179968,False
D:\DAI_HOC\NAM_3\SEM 2\TGMT\PROJECT\Requirement 2 & 3\Colab\data\market1501\bounding_box_test\0951_c1s4_059311_03.jpg,951,1,63,D:\DAI_HOC\NAM_3\SEM 2\TGMT\PROJECT\Requirement 2 & 3\Colab\data\market1501\bounding_box_test\0422_c4s6_032591_08.jpg,422,4,1.180085,False
D:\DAI_HOC\NAM_3\SEM 2\TGMT\PROJECT\Requirement 2 & 3\Colab\data\market1501\bounding_box_test\0951_c1s4_059311_03.jpg,951,1,64,D:\DAI_HOC\NAM_3\SEM 2\TGMT\PROJECT\Requirement 2 & 3\Colab\data\market1501\bounding_box_test\0260_c6s2_107493_01.jpg,260,6,1.180336,False
D:\DAI_HOC\NAM_3\SEM 2\TGMT\PROJECT\Requirement 2 & 3\Colab\data\market1501\bounding_box_test\0951_c1s4_059311_03.jpg,951,1,65,D:\DAI_HOC\NAM_3\SEM 2\TGMT\PROJECT\Requirement 2 & 3\Colab\data\market1501\bounding_box_test\0777_c4s6_019041_01.jpg,777,4,1.180823,False
D:\DAI_HOC\NAM_3\SEM 2\TGMT\PROJECT\Requirement 2 & 3\Colab\data\market1501\bounding_box_test\0951_c1s4_059311_03.jpg,951,1,66,D:\DAI_HOC\NAM_3\SEM 2\TGMT\PROJECT\Requirement 2 & 3\Colab\data\market1501\bounding_box_test\0881_c2s2_105882_11.jpg,881,2,1.183142,False
D:\DAI_HOC\NAM_3\SEM 2\TGMT\PROJECT\Requirement 2 & 3\Colab\data\market1501\bounding_box_test\0951_c1s4_059311_03.jpg,951,1,67,D:\DAI_HOC\NAM_3\SEM 2\TGMT\PROJECT\Requirement 2 & 3\Colab\data\market1501\bounding_box_test\0794_c2s2_086207_01.jpg,794,2,1.185655,False
D:\DAI_HOC\NAM_3\SEM 2\TGMT\PROJECT\Requirement 2 & 3\Colab\data\market1501\bounding_box_test\0951_c1s4_059311_03.jpg,951,1,68,D:\DAI_HOC\NAM_3\SEM 2\TGMT\PROJECT\Requirement 2 & 3\Colab\data\market1501\bounding_box_test\0001_c4s6_000810_06.jpg,1,4,1.187059,False
D:\DAI_HOC\NAM_3\SEM 2\TGMT\PROJECT\Requirement 2 & 3\Colab\data\market1501\bounding_box_test\0951_c1s4_059311_03.jpg,951,1,69,D:\DAI_HOC\NAM_3\SEM 2\TGMT\PROJECT\Requirement 2 & 3\Colab\data\market1501\bounding_box_test\0058_c5s1_007326_06.jpg,58,5,1.192152,False
D:\DAI_HOC\NAM_3\SEM 2\TGMT\PROJECT\Requirement 2 & 3\Colab\data\market1501\bounding_box_test\0951_c1s4_059311_03.jpg,951,1,70,D:\DAI_HOC\NAM_3\SEM 2\TGMT\PROJECT\Requirement 2 & 3\Colab\data\market1501\bounding_box_test\0015_c5s1_056098_02.jpg,15,5,1.194197,False
D:\DAI_HOC\NAM_3\SEM 2\TGMT\PROJECT\Requirement 2 & 3\Colab\data\market1501\bounding_box_test\0951_c1s4_059311_03.jpg,951,1,71,D:\DAI_HOC\NAM_3\SEM 2\TGMT\PROJECT\Requirement 2 & 3\Colab\data\market1501\bounding_box_test\0585_c2s2_009637_01.jpg,585,2,1.194986,False
D:\DAI_HOC\NAM_3\SEM 2\TGMT\PROJECT\Requirement 2 & 3\Colab\data\market1501\bounding_box_test\0951_c1s4_059311_03.jpg,951,1,72,D:\DAI_HOC\NAM_3\SEM 2\TGMT\PROJECT\Requirement 2 & 3\Colab\data\market1501\bounding_box_test\1424_c6s3_088767_01.jpg,1424,6,1.196184,False
D:\DAI_HOC\NAM_3\SEM 2\TGMT\PROJECT\Requirement 2 & 3\Colab\data\market1501\bounding_box_test\0951_c1s4_059311_03.jpg,951,1,73,D:\DAI_HOC\NAM_3\SEM 2\TGMT\PROJECT\Requirement 2 & 3\Colab\data\market1501\bounding_box_test\1170_c3s3_023603_02.jpg,1170,3,1.197499,False
D:\DAI_HOC\NAM_3\SEM 2\TGMT\PROJECT\Requirement 2 & 3\Colab\data\market1501\bounding_box_test\0951_c1s4_059311_03.jpg,951,1,74,D:\DAI_HOC\NAM_3\SEM 2\TGMT\PROJECT\Requirement 2 & 3\Colab\data\market1501\bounding_box_test\1264_c1s5_049641_08.jpg,1264,1,1.198281,False
D:\DAI_HOC\NAM_3\SEM 2\TGMT\PROJECT\Requirement 2 & 3\Colab\data\market1501\bounding_box_test\0951_c1s4_059311_03.jpg,951,1,75,D:\DAI_HOC\NAM_3\SEM 2\TGMT\PROJECT\Requirement 2 & 3\Colab\data\market1501\bounding_box_test\0182_c5s1_034601_02.jpg,182,5,1.198599,False
D:\DAI_HOC\NAM_3\SEM 2\TGMT\PROJECT\Requirement 2 & 3\Colab\data\market1501\bounding_box_test\0951_c1s4_059311_03.jpg,951,1,76,D:\DAI_HOC\NAM_3\SEM 2\TGMT\PROJECT\Requirement 2 & 3\Colab\data\market1501\bounding_box_test\0825_c6s2_100093_01.jpg,825,6,1.199701,False
D:\DAI_HOC\NAM_3\SEM 2\TGMT\PROJECT\Requirement 2 & 3\Colab\data\market1501\bounding_box_test\0951_c1s4_059311_03.jpg,951,1,77,D:\DAI_HOC\NAM_3\SEM 2\TGMT\PROJECT\Requirement 2 & 3\Colab\data\market1501\bounding_box_test\1014_c3s2_130544_03.jpg,1014,3,1.200097,False
D:\DAI_HOC\NAM_3\SEM 2\TGMT\PROJECT\Requirement 2 & 3\Colab\data\market1501\bounding_box_test\0951_c1s4_059311_03.jpg,951,1,78,D:\DAI_HOC\NAM_3\SEM 2\TGMT\PROJECT\Requirement 2 & 3\Colab\data\market1501\bounding_box_test\0874_c1s6_021246_02.jpg,874,1,1.205314,False
D:\DAI_HOC\NAM_3\SEM 2\TGMT\PROJECT\Requirement 2 & 3\Colab\data\market1501\bounding_box_test\0951_c1s4_059311_03.jpg,951,1,79,D:\DAI_HOC\NAM_3\SEM 2\TGMT\PROJECT\Requirement 2 & 3\Colab\data\market1501\bounding_box_test\1308_c3s3_032078_01.jpg,1308,3,1.205789,False
D:\DAI_HOC\NAM_3\SEM 2\TGMT\PROJECT\Requirement 2 & 3\Colab\data\market1501\bounding_box_test\0951_c1s4_059311_03.jpg,951,1,80,D:\DAI_HOC\NAM_3\SEM 2\TGMT\PROJECT\Requirement 2 & 3\Colab\data\market1501\bounding_box_test\0363_c5s1_090548_01.jpg,363,5,1.206903,False
D:\DAI_HOC\NAM_3\SEM 2\TGMT\PROJECT\Requirement 2 & 3\Colab\data\market1501\bounding_box_test\0951_c1s4_059311_03.jpg,951,1,81,D:\DAI_HOC\NAM_3\SEM 2\TGMT\PROJECT\Requirement 2 & 3\Colab\data\market1501\bounding_box_test\1139_c3s3_053553_03.jpg,1139,3,1.207022,False
D:\DAI_HOC\NAM_3\SEM 2\TGMT\PROJECT\Requirement 2 & 3\Colab\data\market1501\bounding_box_test\0951_c1s4_059311_03.jpg,951,1,82,D:\DAI_HOC\NAM_3\SEM 2\TGMT\PROJECT\Requirement 2 & 3\Colab\data\market1501\bounding_box_test\1375_c1s5_070316_01.jpg,1375,1,1.208989,False
D:\DAI_HOC\NAM_3\SEM 2\TGMT\PROJECT\Requirement 2 & 3\Colab\data\market1501\bounding_box_test\0951_c1s4_059311_03.jpg,951,1,83,D:\DAI_HOC\NAM_3\SEM 2\TGMT\PROJECT\Requirement 2 & 3\Colab\data\market1501\bounding_box_test\1070_c3s2_143119_03.jpg,1070,3,1.211416,False
D:\DAI_HOC\NAM_3\SEM 2\TGMT\PROJECT\Requirement 2 & 3\Colab\data\market1501\bounding_box_test\0951_c1s4_059311_03.jpg,951,1,84,D:\DAI_HOC\NAM_3\SEM 2\TGMT\PROJECT\Requirement 2 & 3\Colab\data\market1501\bounding_box_test\0364_c3s1_084767_01.jpg,364,3,1.213702,False
D:\DAI_HOC\NAM_3\SEM 2\TGMT\PROJECT\Requirement 2 & 3\Colab\data\market1501\bounding_box_test\0951_c1s4_059311_03.jpg,951,1,85,D:\DAI_HOC\NAM_3\SEM 2\TGMT\PROJECT\Requirement 2 & 3\Colab\data\market1501\bounding_box_test\0804_c4s4_035810_01.jpg,804,4,1.218869,False
D:\DAI_HOC\NAM_3\SEM 2\TGMT\PROJECT\Requirement 2 & 3\Colab\data\market1501\bounding_box_test\0951_c1s4_059311_03.jpg,951,1,86,D:\DAI_HOC\NAM_3\SEM 2\TGMT\PROJECT\Requirement 2 & 3\Colab\data\market1501\bounding_box_test\0438_c2s1_106821_04.jpg,438,2,1.221853,False
D:\DAI_HOC\NAM_3\SEM 2\TGMT\PROJECT\Requirement 2 & 3\Colab\data\market1501\bounding_box_test\0951_c1s4_059311_03.jpg,951,1,87,D:\DAI_HOC\NAM_3\SEM 2\TGMT\PROJECT\Requirement 2 & 3\Colab\data\market1501\bounding_box_test\0019_c1s6_027396_03.jpg,19,1,1.223529,False
D:\DAI_HOC\NAM_3\SEM 2\TGMT\PROJECT\Requirement 2 & 3\Colab\data\market1501\bounding_box_test\0951_c1s4_059311_03.jpg,951,1,88,D:\DAI_HOC\NAM_3\SEM 2\TGMT\PROJECT\Requirement 2 & 3\Colab\data\market1501\bounding_box_test\1057_c1s5_009936_02.jpg,1057,1,1.228636,False
D:\DAI_HOC\NAM_3\SEM 2\TGMT\PROJECT\Requirement 2 & 3\Colab\data\market1501\bounding_box_test\0951_c1s4_059311_03.jpg,951,1,89,D:\DAI_HOC\NAM_3\SEM 2\TGMT\PROJECT\Requirement 2 & 3\Colab\data\market1501\bounding_box_test\0187_c1s6_029546_01.jpg,187,1,1.231014,False
D:\DAI_HOC\NAM_3\SEM 2\TGMT\PROJECT\Requirement 2 & 3\Colab\data\market1501\bounding_box_test\0951_c1s4_059311_03.jpg,951,1,90,D:\DAI_HOC\NAM_3\SEM 2\TGMT\PROJECT\Requirement 2 & 3\Colab\data\market1501\bounding_box_test\0144_c5s1_032051_03.jpg,144,5,1.232616,False
D:\DAI_HOC\NAM_3\SEM 2\TGMT\PROJECT\Requirement 2 & 3\Colab\data\market1501\bounding_box_test\0951_c1s4_059311_03.jpg,951,1,91,D:\DAI_HOC\NAM_3\SEM 2\TGMT\PROJECT\Requirement 2 & 3\Colab\data\market1501\bounding_box_test\0719_c4s6_019491_02.jpg,719,4,1.237813,False
D:\DAI_HOC\NAM_3\SEM 2\TGMT\PROJECT\Requirement 2 & 3\Colab\data\market1501\bounding_box_test\0951_c1s4_059311_03.jpg,951,1,92,D:\DAI_HOC\NAM_3\SEM 2\TGMT\PROJECT\Requirement 2 & 3\Colab\data\market1501\bounding_box_test\0646_c5s2_044180_01.jpg,646,5,1.238942,False
D:\DAI_HOC\NAM_3\SEM 2\TGMT\PROJECT\Requirement 2 & 3\Colab\data\market1501\bounding_box_test\0951_c1s4_059311_03.jpg,951,1,93,D:\DAI_HOC\NAM_3\SEM 2\TGMT\PROJECT\Requirement 2 & 3\Colab\data\market1501\bounding_box_test\1059_c6s3_002867_01.jpg,1059,6,1.240839,False
D:\DAI_HOC\NAM_3\SEM 2\TGMT\PROJECT\Requirement 2 & 3\Colab\data\market1501\bounding_box_test\0951_c1s4_059311_03.jpg,951,1,94,D:\DAI_HOC\NAM_3\SEM 2\TGMT\PROJECT\Requirement 2 & 3\Colab\data\market1501\bounding_box_test\0194_c2s1_059746_05.jpg,194,2,1.242643,False
D:\DAI_HOC\NAM_3\SEM 2\TGMT\PROJECT\Requirement 2 & 3\Colab\data\market1501\bounding_box_test\0951_c1s4_059311_03.jpg,951,1,95,D:\DAI_HOC\NAM_3\SEM 2\TGMT\PROJECT\Requirement 2 & 3\Colab\data\market1501\bounding_box_test\1414_c3s3_050453_02.jpg,1414,3,1.245586,False
D:\DAI_HOC\NAM_3\SEM 2\TGMT\PROJECT\Requirement 2 & 3\Colab\data\market1501\bounding_box_test\0951_c1s4_059311_03.jpg,951,1,96,D:\DAI_HOC\NAM_3\SEM 2\TGMT\PROJECT\Requirement 2 & 3\Colab\data\market1501\bounding_box_test\1378_c6s3_071417_02.jpg,1378,6,1.246017,False
D:\DAI_HOC\NAM_3\SEM 2\TGMT\PROJECT\Requirement 2 & 3\Colab\data\market1501\bounding_box_test\0951_c1s4_059311_03.jpg,951,1,97,D:\DAI_HOC\NAM_3\SEM 2\TGMT\PROJECT\Requirement 2 & 3\Colab\data\market1501\bounding_box_test\0621_c1s3_038276_02.jpg,621,1,1.249893,False
D:\DAI_HOC\NAM_3\SEM 2\TGMT\PROJECT\Requirement 2 & 3\Colab\data\market1501\bounding_box_test\0951_c1s4_059311_03.jpg,951,1,98,D:\DAI_HOC\NAM_3\SEM 2\TGMT\PROJECT\Requirement 2 & 3\Colab\data\market1501\bounding_box_test\1248_c5s3_030215_04.jpg,1248,5,1.259098,False
D:\DAI_HOC\NAM_3\SEM 2\TGMT\PROJECT\Requirement 2 & 3\Colab\data\market1501\bounding_box_test\0951_c1s4_059311_03.jpg,951,1,99,D:\DAI_HOC\NAM_3\SEM 2\TGMT\PROJECT\Requirement 2 & 3\Colab\data\market1501\bounding_box_test\0191_c6s4_004927_03.jpg,191,6,1.261210,False
D:\DAI_HOC\NAM_3\SEM 2\TGMT\PROJECT\Requirement 2 & 3\Colab\data\market1501\bounding_box_test\0951_c1s4_059311_03.jpg,951,1,100,D:\DAI_HOC\NAM_3\SEM 2\TGMT\PROJECT\Requirement 2 & 3\Colab\data\market1501\bounding_box_test\1053_c6s3_000392_02.jpg,1053,6,1.261542,False
D:\DAI_HOC\NAM_3\SEM 2\TGMT\PROJECT\Requirement 2 & 3\Colab\data\market1501\bounding_box_test\0951_c1s4_059311_03.jpg,951,1,101,D:\DAI_HOC\NAM_3\SEM 2\TGMT\PROJECT\Requirement 2 & 3\Colab\data\market1501\bounding_box_test\0770_c2s2_128527_04.jpg,770,2,1.261560,False
D:\DAI_HOC\NAM_3\SEM 2\TGMT\PROJECT\Requirement 2 & 3\Colab\data\market1501\bounding_box_test\0951_c1s4_059311_03.jpg,951,1,102,D:\DAI_HOC\NAM_3\SEM 2\TGMT\PROJECT\Requirement 2 & 3\Colab\data\market1501\bounding_box_test\0018_c5s1_001976_01.jpg,18,5,1.263219,False
D:\DAI_HOC\NAM_3\SEM 2\TGMT\PROJECT\Requirement 2 & 3\Colab\data\market1501\bounding_box_test\0951_c1s4_059311_03.jpg,951,1,103,D:\DAI_HOC\NAM_3\SEM 2\TGMT\PROJECT\Requirement 2 & 3\Colab\data\market1501\bounding_box_test\0156_c5s1_052151_04.jpg,156,5,1.274065,False
D:\DAI_HOC\NAM_3\SEM 2\TGMT\PROJECT\Requirement 2 & 3\Colab\data\market1501\bounding_box_test\0951_c1s4_059311_03.jpg,951,1,104,D:\DAI_HOC\NAM_3\SEM 2\TGMT\PROJECT\Requirement 2 & 3\Colab\data\market1501\bounding_box_test\1347_c2s3_040532_01.jpg,1347,2,1.277074,False
D:\DAI_HOC\NAM_3\SEM 2\TGMT\PROJECT\Requirement 2 & 3\Colab\data\market1501\bounding_box_test\0951_c1s4_059311_03.jpg,951,1,105,D:\DAI_HOC\NAM_3\SEM 2\TGMT\PROJECT\Requirement 2 & 3\Colab\data\market1501\bounding_box_test\1359_c2s3_050582_01.jpg,1359,2,1.281096,False
D:\DAI_HOC\NAM_3\SEM 2\TGMT\PROJECT\Requirement 2 & 3\Colab\data\market1501\bounding_box_test\0951_c1s4_059311_03.jpg,951,1,106,D:\DAI_HOC\NAM_3\SEM 2\TGMT\PROJECT\Requirement 2 & 3\Colab\data\market1501\bounding_box_test\0191_c3s3_078469_02.jpg,191,3,1.286724,False
D:\DAI_HOC\NAM_3\SEM 2\TGMT\PROJECT\Requirement 2 & 3\Colab\data\market1501\bounding_box_test\0951_c1s4_059311_03.jpg,951,1,107,D:\DAI_HOC\NAM_3\SEM 2\TGMT\PROJECT\Requirement 2 & 3\Colab\data\market1501\bounding_box_test\0530_c6s2_002143_02.jpg,530,6,1.293243,False
D:\DAI_HOC\NAM_3\SEM 2\TGMT\PROJECT\Requirement 2 & 3\Colab\data\market1501\bounding_box_test\0951_c1s4_059311_03.jpg,951,1,108,D:\DAI_HOC\NAM_3\SEM 2\TGMT\PROJECT\Requirement 2 & 3\Colab\data\market1501\bounding_box_test\0770_c4s4_071466_02.jpg,770,4,1.301795,False
